work_year,experience_level,employment_type,job_title,employee_residence,remote_ratio,company_location,company_size,salary_in_usd,salary_group,nd_work_year,nd_experience_level,nd_employment_type,nd_job_title,nd_employee_residence,nd_remote_ratio,nd_company_location,nd_company_size
2020,MI,FT,Data Scientist,DE,0,DE,L,79833,M,0,0.189836079,0.519729373,0.245068968,0.414982993,0.625941503,0.505273978,1
2020,SE,FT,Machine Learning Scientist,JP,0,JP,S,260000,H,0,0.557040111,0.519729373,0.382900266,0.507845481,0.625941503,0.717441911,0
2020,SE,FT,Big Data Engineer,GB,50,GB,M,109024,M,0,0.557040111,0.519729373,0.116531654,0.395255458,0,0.505859935,0.915551539
2020,MI,FT,Product Data Analyst,HN,0,HN,S,20000,L,0,0.189836079,0.519729373,0.019087016,0.081632653,0.625941503,0.104234528,0
2020,SE,FT,Machine Learning Engineer,US,50,US,L,150000,H,0,0.557040111,0.519729373,0.239635348,0.745382238,0,0.913960871,1
2020,EN,FT,Data Analyst,US,100,US,L,72000,L,0,0,0.519729373,0.21191818,0.745382238,1,0.913960871,1
2020,SE,FT,Lead Data Scientist,US,100,US,S,190000,H,0,0.557040111,0.519729373,0.274733415,0.745382238,1,0.913960871,0
2020,MI,FT,Data Scientist,HU,50,HU,L,35735,L,0,0.189836079,0.519729373,0.245068968,0.16325,0,0.206742671,1
2020,MI,FT,Business Data Analyst,US,100,US,L,135000,H,0,0.189836079,0.519729373,0.178387902,0.745382238,1,0.913960871,1
2020,SE,FT,Lead Data Engineer,NZ,50,NZ,S,125000,M,0,0.557040111,0.519729373,0.336132445,0.617346939,0,0.788273616,0
2020,EN,FT,Data Scientist,FR,0,FR,S,51321,L,0,0,0.519729373,0.245068968,0.285135771,0.625941503,0.390688382,0
2020,MI,FT,Data Scientist,IN,0,IN,L,40481,L,0,0.189836079,0.519729373,0.245068968,0.170011905,0.625941503,0.160141694,1
2020,EN,FT,Data Scientist,FR,0,FR,M,39916,L,0,0,0.519729373,0.245068968,0.285135771,0.625941503,0.390688382,0.915551539
2020,MI,FT,Lead Data Analyst,US,100,US,L,87000,M,0,0.189836079,0.519729373,0.217207094,0.745382238,1,0.913960871,1
2020,MI,FT,Data Analyst,US,100,US,L,85000,M,0,0.189836079,0.519729373,0.21191818,0.745382238,1,0.913960871,1
2020,MI,FT,Data Analyst,PK,50,PK,L,8000,L,0,0.189836079,0.519729373,0.21191818,0.119708333,0,0.060803474,1
2020,EN,FT,Data Engineer,JP,100,JP,S,41689,L,0,0,0.519729373,0.261119577,0.507845481,1,0.717441911,0
2020,SE,FT,Big Data Engineer,PL,100,GB,S,114047,M,0,0.557040111,0.519729373,0.116531654,0.266211735,1,0.505859935,0
2020,EN,FT,Data Science Consultant,IN,50,IN,M,5707,L,0,0,0.519729373,0.160193083,0.170011905,0,0.160141694,0.915551539
2020,MI,FT,Lead Data Engineer,PT,100,US,M,56000,L,0,0.189836079,0.519729373,0.336132445,0.198278061,1,0.913960871,0.915551539
2020,MI,FT,Machine Learning Engineer,CN,0,CN,M,43331,L,0,0.189836079,0.519729373,0.239635348,0.200668367,0.625941503,0.44081759,0.915551539
2020,MI,FT,Product Data Analyst,IN,100,IN,L,6072,L,0,0.189836079,0.519729373,0.019087016,0.170011905,1,0.160141694,1
2020,SE,FT,Data Engineer,GR,50,GR,L,47899,L,0,0.557040111,0.519729373,0.261119577,0.267580357,0,0.312877524,1
2020,MI,FT,BI Data Analyst,US,0,US,M,98000,M,0,0.189836079,0.519729373,0.173542864,0.745382238,0.625941503,0.913960871,0.915551539
2020,MI,FT,Lead Data Scientist,AE,0,AE,L,115000,M,0,0.189836079,0.519729373,0.274733415,0.489795918,0.625941503,0.625407166,1
2020,EX,FT,Director of Data Science,US,100,US,L,325000,H,0,1,0.519729373,0.474647827,0.745382238,1,0.913960871,1
2020,EN,FT,Research Scientist,NL,50,NL,L,42000,L,0,0,0.519729373,0.259291375,0.290594898,0,0.331894137,1
2020,SE,FT,Data Engineer,MX,0,MX,S,33511,L,0,0.557040111,0.519729373,0.261119577,0.072372449,0.625941503,0.183213898,0
2020,EN,CT,Business Data Analyst,US,100,US,L,100000,M,0,0,1,0.178387902,0.745382238,1,0.913960871,1
2020,SE,FT,Machine Learning Manager,CA,50,CA,L,117104,M,0,0.557040111,0.519729373,0.279523313,0.475467498,0,0.626201024,1
2020,MI,FT,Data Engineering Manager,DE,100,DE,S,59303,L,0,0.189836079,0.519729373,0.294846981,0.414982993,1,0.505273978,0
2020,EN,FT,Big Data Engineer,US,100,US,L,70000,L,0,0,0.519729373,0.116531654,0.745382238,1,0.913960871,1
2020,SE,FT,Data Scientist,GR,100,US,L,68428,L,0,0.557040111,0.519729373,0.245068968,0.267580357,1,0.913960871,1
2020,MI,FT,Research Scientist,US,0,US,M,450000,H,0,0.189836079,0.519729373,0.259291375,0.745382238,0.625941503,0.913960871,0.915551539
2020,MI,FT,Data Analyst,FR,50,FR,L,46759,L,0,0.189836079,0.519729373,0.21191818,0.285135771,0,0.390688382,1
2020,MI,FT,Data Engineer,AT,50,AT,L,74130,M,0,0.189836079,0.519729373,0.261119577,0.371115646,0,0.448995114,1
2020,MI,FT,Data Science Consultant,US,100,US,L,103000,M,0,0.189836079,0.519729373,0.160193083,0.745382238,1,0.913960871,1
2020,EN,FT,Machine Learning Engineer,US,50,US,L,250000,H,0,0,0.519729373,0.239635348,0.745382238,0,0.913960871,1
2020,EN,FT,Data Analyst,NG,100,NG,S,10000,L,0,0,0.519729373,0.21191818,0.132653061,1,0.169381107,0
2020,EN,FT,Machine Learning Engineer,US,100,US,S,138000,H,0,0,0.519729373,0.239635348,0.745382238,1,0.913960871,0
2020,MI,FT,Data Scientist,PH,100,US,S,45760,L,0,0.189836079,0.519729373,0.245068968,0.213061224,1,0.913960871,0
2020,EX,FT,Data Engineering Manager,ES,50,ES,L,79833,M,0,1,0.519729373,0.294846981,0.273435714,0,0.319610051,1
2020,MI,FT,Machine Learning Infrastructure Engineer,PT,0,PT,M,50180,L,0,0.189836079,0.519729373,0.239584976,0.198278061,0.625941503,0.285301303,0.915551539
2020,MI,FT,Data Engineer,US,100,US,L,106000,M,0,0.189836079,0.519729373,0.261119577,0.745382238,1,0.913960871,1
2020,MI,FT,Data Engineer,GB,50,GB,L,112872,M,0,0.189836079,0.519729373,0.261119577,0.395255458,0,0.505859935,1
2020,EN,PT,ML Engineer,DE,100,DE,S,15966,L,0,0,0,0.280524336,0.414982993,1,0.505273978,0
2020,MI,FT,Data Scientist,GB,100,GB,S,76958,M,0,0.189836079,0.519729373,0.245068968,0.395255458,1,0.505859935,0
2020,SE,FT,Data Engineer,US,100,US,L,188000,H,0,0.557040111,0.519729373,0.261119577,0.745382238,1,0.913960871,1
2020,MI,FT,Data Scientist,US,100,US,L,105000,M,0,0.189836079,0.519729373,0.245068968,0.745382238,1,0.913960871,1
2020,MI,FT,Data Engineer,FR,50,FR,L,70139,L,0,0.189836079,0.519729373,0.261119577,0.285135771,0,0.390688382,1
2020,EN,FT,Data Analyst,IN,0,IN,S,6072,L,0,0,0.519729373,0.21191818,0.170011905,0.625941503,0.160141694,0
2020,EN,FT,Data Analyst,US,100,US,L,91000,M,0,0,0.519729373,0.21191818,0.745382238,1,0.913960871,1
2020,EN,FT,AI Scientist,DK,50,DK,S,45896,L,0,0,0.519729373,0.15197182,0.169655612,0,0.328249729,0
2020,EN,FT,Data Engineer,PK,100,DE,L,54742,L,0,0,0.519729373,0.261119577,0.119708333,1,0.505273978,1
2020,SE,FL,Computer Vision Engineer,RU,100,US,S,60000,L,0,0.557040111,0.098541627,0.097625656,0.519132653,1,0.913960871,0
2020,SE,FT,Principal Data Scientist,DE,100,DE,M,148261,H,0,0.557040111,0.519729373,0.525120507,0.414982993,1,0.505273978,0.915551539
2020,MI,FT,Data Scientist,ES,100,ES,M,38776,L,0,0.189836079,0.519729373,0.245068968,0.273435714,1,0.319610051,0.915551539
2020,MI,FT,Data Scientist,US,100,US,M,118000,M,0,0.189836079,0.519729373,0.245068968,0.745382238,1,0.913960871,0.915551539
2020,SE,FT,Data Scientist,US,50,US,L,120000,M,0,0.557040111,0.519729373,0.245068968,0.745382238,0,0.913960871,1
2020,MI,FT,Data Scientist,US,100,US,M,138350,H,0,0.189836079,0.519729373,0.245068968,0.745382238,1,0.913960871,0.915551539
2020,MI,FT,Data Engineer,US,100,US,L,110000,M,0,0.189836079,0.519729373,0.261119577,0.745382238,1,0.913960871,1
2020,MI,FT,Data Engineer,ES,100,US,M,130800,H,0,0.189836079,0.519729373,0.261119577,0.273435714,1,0.913960871,0.915551539
2020,EN,PT,Data Scientist,IT,50,IT,S,21669,L,0,0,0,0.245068968,0.293877551,0,0.210856678,0
2020,SE,FT,Data Scientist,US,100,US,L,412000,H,0,0.557040111,0.519729373,0.245068968,0.745382238,1,0.913960871,1
2020,SE,FT,Machine Learning Engineer,HR,100,HR,S,45618,L,0,0.557040111,0.519729373,0.239635348,0.212336735,1,0.271127036,0
2020,EN,FT,Data Scientist,DE,50,DE,S,62726,L,0,0,0.519729373,0.245068968,0.414982993,0,0.505273978,0
2020,EN,FT,Data Scientist,DE,0,DE,S,49268,L,0,0,0.519729373,0.245068968,0.414982993,0.625941503,0.505273978,0
2020,SE,FT,Data Science Manager,US,100,US,M,190200,H,0,0.557040111,0.519729373,0.382690051,0.745382238,1,0.913960871,0.915551539
2020,EN,FT,Data Scientist,US,100,US,S,105000,M,0,0,0.519729373,0.245068968,0.745382238,1,0.913960871,0
2020,SE,FT,Data Scientist,AT,0,AT,S,91237,M,0,0.557040111,0.519729373,0.245068968,0.371115646,0.625941503,0.448995114,0
2020,MI,FT,Data Scientist,FR,50,LU,S,62726,L,0,0.189836079,0.519729373,0.245068968,0.285135771,0,0.260212812,0
2020,MI,FT,Data Scientist,FR,50,FR,S,42197,L,0,0.189836079,0.519729373,0.245068968,0.285135771,0,0.390688382,0
2021,EN,FT,Research Scientist,GB,50,GB,L,82528,M,0.132622125,0,0.519729373,0.259291375,0.395255458,0,0.505859935,1
2021,EX,FT,BI Data Analyst,IN,100,US,L,150000,H,0.132622125,1,0.519729373,0.173542864,0.170011905,1,0.913960871,1
2021,EX,FT,Head of Data,US,100,US,L,235000,H,0.132622125,1,0.519729373,0.387279994,0.745382238,1,0.913960871,1
2021,SE,FT,Data Scientist,FR,50,FR,L,53192,L,0.132622125,0.557040111,0.519729373,0.245068968,0.285135771,0,0.390688382,1
2021,MI,FT,BI Data Analyst,US,100,US,M,100000,M,0.132622125,0.189836079,0.519729373,0.173542864,0.745382238,1,0.913960871,0.915551539
2021,MI,PT,3D Computer Vision Researcher,IN,50,IN,M,5409,L,0.132622125,0.189836079,0,0,0.170011905,0,0.160141694,0.915551539
2021,MI,CT,ML Engineer,US,100,US,L,270000,H,0.132622125,0.189836079,1,0.280524336,0.745382238,1,0.913960871,1
2021,EN,FT,Data Analyst,US,100,US,M,80000,M,0.132622125,0,0.519729373,0.21191818,0.745382238,1,0.913960871,0.915551539
2021,SE,FT,Data Analytics Engineer,DE,100,DE,L,79197,M,0.132622125,0.557040111,0.519729373,0.148627597,0.414982993,1,0.505273978,1
2021,MI,FT,Data Engineer,US,100,US,L,140000,H,0.132622125,0.189836079,0.519729373,0.261119577,0.745382238,1,0.913960871,1
2021,MI,FT,Applied Data Scientist,GB,50,CA,L,54238,L,0.132622125,0.189836079,0.519729373,0.426050637,0.395255458,0,0.626201024,1
2021,MI,FT,Machine Learning Engineer,ES,100,ES,S,47282,L,0.132622125,0.189836079,0.519729373,0.239635348,0.273435714,1,0.319610051,0
2021,EX,FT,Director of Data Science,IT,100,PL,L,153667,H,0.132622125,1,0.519729373,0.474647827,0.293877551,1,0.404446254,1
2021,MI,FT,Data Engineer,PL,100,PL,L,28476,L,0.132622125,0.189836079,0.519729373,0.261119577,0.266211735,1,0.404446254,1
2021,EN,FT,Data Analyst,FR,50,FR,M,59102,L,0.132622125,0,0.519729373,0.21191818,0.285135771,0,0.390688382,0.915551539
2021,MI,FT,Data Analytics Engineer,US,100,US,L,110000,M,0.132622125,0.189836079,0.519729373,0.148627597,0.745382238,1,0.913960871,1
2021,SE,FT,Lead Data Analyst,US,100,US,L,170000,H,0.132622125,0.557040111,0.519729373,0.217207094,0.745382238,1,0.913960871,1
2021,SE,FT,Data Analyst,BG,100,US,S,80000,M,0.132622125,0.557040111,0.519729373,0.21191818,0.387755102,1,0.913960871,0
2021,SE,FT,Marketing Data Analyst,GR,100,DK,L,88654,M,0.132622125,0.557040111,0.519729373,0.208325513,0.267580357,1,0.328249729,1
2021,EN,FT,Data Science Consultant,DE,100,DE,S,76833,M,0.132622125,0,0.519729373,0.160193083,0.414982993,1,0.505273978,0
2021,MI,FT,Lead Data Analyst,IN,100,IN,L,19609,L,0.132622125,0.189836079,0.519729373,0.217207094,0.170011905,1,0.160141694,1
2021,SE,FT,Lead Data Engineer,US,0,US,L,276000,H,0.132622125,0.557040111,0.519729373,0.336132445,0.745382238,0.625941503,0.913960871,1
2021,EN,FT,Data Scientist,IN,50,IN,L,29751,L,0.132622125,0,0.519729373,0.245068968,0.170011905,0,0.160141694,1
2021,MI,FT,Cloud Data Engineer,SG,50,SG,L,89294,M,0.132622125,0.189836079,0.519729373,0.298400114,0.511104592,0,0.555661238,1
2021,EN,PT,AI Scientist,BR,100,US,S,12000,L,0.132622125,0,0,0.15197182,0.258340136,1,0.913960871,0
2021,MI,FT,Financial Data Analyst,US,100,US,L,450000,H,0.132622125,0.189836079,0.519729373,0.674667347,0.745382238,1,0.913960871,1
2021,EN,FT,Computer Vision Software Engineer,US,100,US,M,70000,L,0.132622125,0,0.519729373,0.249854643,0.745382238,1,0.913960871,0.915551539
2021,MI,FT,Computer Vision Software Engineer,DE,100,US,S,95746,M,0.132622125,0.189836079,0.519729373,0.249854643,0.414982993,1,0.913960871,0
2021,MI,FT,Data Analyst,US,0,US,L,75000,M,0.132622125,0.189836079,0.519729373,0.21191818,0.745382238,0.625941503,0.913960871,1
2021,SE,FT,Data Engineer,US,100,US,L,150000,H,0.132622125,0.557040111,0.519729373,0.261119577,0.745382238,1,0.913960871,1
2021,MI,FT,BI Data Analyst,HU,50,US,L,36259,L,0.132622125,0.189836079,0.519729373,0.173542864,0.16325,0,0.913960871,1
2021,MI,FT,Data Analyst,US,0,US,L,62000,L,0.132622125,0.189836079,0.519729373,0.21191818,0.745382238,0.625941503,0.913960871,1
2021,MI,FT,Data Scientist,US,0,US,L,73000,L,0.132622125,0.189836079,0.519729373,0.245068968,0.745382238,0.625941503,0.913960871,1
2021,MI,FT,Data Analyst,GB,50,GB,L,51519,L,0.132622125,0.189836079,0.519729373,0.21191818,0.395255458,0,0.505859935,1
2021,MI,FT,Research Scientist,CA,100,CA,L,187442,H,0.132622125,0.189836079,0.519729373,0.259291375,0.475467498,1,0.626201024,1
2021,SE,FT,Data Engineer,US,100,US,S,115000,M,0.132622125,0.557040111,0.519729373,0.261119577,0.745382238,1,0.913960871,0
2021,SE,FT,Data Engineer,US,100,US,M,150000,H,0.132622125,0.557040111,0.519729373,0.261119577,0.745382238,1,0.913960871,0.915551539
2021,EN,FT,Data Engineer,IN,100,IN,L,30428,L,0.132622125,0,0.519729373,0.261119577,0.170011905,1,0.160141694,1
2021,SE,FT,Machine Learning Engineer,DE,50,DE,L,94564,M,0.132622125,0.557040111,0.519729373,0.239635348,0.414982993,0,0.505273978,1
2021,SE,FT,Director of Data Engineering,GB,100,GB,M,113476,M,0.132622125,0.557040111,0.519729373,0.378709731,0.395255458,1,0.505859935,0.915551539
2021,SE,FT,Lead Data Engineer,GB,100,GB,S,103160,M,0.132622125,0.557040111,0.519729373,0.336132445,0.395255458,1,0.505859935,0
2021,EN,PT,AI Scientist,PK,100,US,M,12000,L,0.132622125,0,0,0.15197182,0.119708333,1,0.913960871,0.915551539
2021,MI,FT,Data Engineer,NL,100,NL,L,45391,L,0.132622125,0.189836079,0.519729373,0.261119577,0.290594898,1,0.331894137,1
2021,EN,FT,Machine Learning Scientist,US,100,US,L,225000,H,0.132622125,0,0.519729373,0.382900266,0.745382238,1,0.913960871,1
2021,MI,FT,Data Scientist,NG,100,NG,L,50000,L,0.132622125,0.189836079,0.519729373,0.245068968,0.132653061,1,0.169381107,1
2021,MI,FT,Data Science Engineer,GR,100,GR,M,40189,L,0.132622125,0.189836079,0.519729373,0.176165963,0.267580357,1,0.312877524,0.915551539
2021,EN,FT,Data Analyst,US,100,US,S,90000,M,0.132622125,0,0.519729373,0.21191818,0.745382238,1,0.913960871,0
2021,MI,FT,Data Engineer,US,100,US,L,200000,H,0.132622125,0.189836079,0.519729373,0.261119577,0.745382238,1,0.913960871,1
2021,MI,FT,Big Data Engineer,ES,50,RO,M,60000,L,0.132622125,0.189836079,0.519729373,0.116531654,0.273435714,0,0.364820847,0.915551539
2021,SE,FT,Principal Data Engineer,US,100,US,M,200000,H,0.132622125,0.557040111,0.519729373,0.808137154,0.745382238,1,0.913960871,0.915551539
2021,EN,FT,Data Analyst,US,100,US,M,50000,L,0.132622125,0,0.519729373,0.21191818,0.745382238,1,0.913960871,0.915551539
2021,EN,FT,Applied Data Scientist,GB,0,GB,L,110037,M,0.132622125,0,0.519729373,0.426050637,0.395255458,0.625941503,0.505859935,1
2021,EN,PT,Data Analyst,ES,50,ES,M,10354,L,0.132622125,0,0,0.21191818,0.273435714,0,0.319610051,0.915551539
2021,MI,FT,Principal Data Scientist,US,100,US,L,151000,H,0.132622125,0.189836079,0.519729373,0.525120507,0.745382238,1,0.913960871,1
2021,SE,FT,Machine Learning Scientist,US,50,US,S,120000,M,0.132622125,0.557040111,0.519729373,0.382900266,0.745382238,0,0.913960871,0
2021,MI,FT,Data Scientist,IN,0,IN,S,9466,L,0.132622125,0.189836079,0.519729373,0.245068968,0.170011905,0.625941503,0.160141694,0
2021,EN,FT,Machine Learning Engineer,IN,100,IN,S,20000,L,0.132622125,0,0.519729373,0.239635348,0.170011905,1,0.160141694,0
2021,SE,FT,Lead Data Scientist,IN,50,IN,L,40570,L,0.132622125,0.557040111,0.519729373,0.274733415,0.170011905,0,0.160141694,1
2021,EN,FT,Machine Learning Developer,IQ,50,IQ,S,100000,M,0.132622125,0,0.519729373,0.201335032,0.489795918,0,0.625407166,0
2021,EN,FT,Data Scientist,FR,50,FR,M,49646,L,0.132622125,0,0.519729373,0.245068968,0.285135771,0,0.390688382,0.915551539
2021,MI,FT,Applied Machine Learning Scientist,VN,100,US,M,38400,L,0.132622125,0.189836079,0.519729373,0.341999069,0.136734694,1,0.913960871,0.915551539
2021,SE,FT,Computer Vision Engineer,BR,100,BR,M,24000,L,0.132622125,0.557040111,0.519729373,0.097625656,0.258340136,1,0.095131379,0.915551539
2021,EN,FT,Data Scientist,US,0,US,S,100000,M,0.132622125,0,0.519729373,0.245068968,0.745382238,0.625941503,0.913960871,0
2021,MI,FT,Data Analyst,US,100,US,M,90000,M,0.132622125,0.189836079,0.519729373,0.21191818,0.745382238,1,0.913960871,0.915551539
2021,MI,FT,ML Engineer,JP,50,JP,S,63711,L,0.132622125,0.189836079,0.519729373,0.280524336,0.507845481,0,0.717441911,0
2021,MI,FT,ML Engineer,JP,50,JP,S,77364,M,0.132622125,0.189836079,0.519729373,0.280524336,0.507845481,0,0.717441911,0
2021,SE,FT,Principal Data Scientist,US,0,US,L,220000,H,0.132622125,0.557040111,0.519729373,0.525120507,0.745382238,0.625941503,0.913960871,1
2021,EN,FT,Data Scientist,US,100,US,M,80000,M,0.132622125,0,0.519729373,0.245068968,0.745382238,1,0.913960871,0.915551539
2021,MI,FT,Data Analyst,US,100,US,L,135000,H,0.132622125,0.189836079,0.519729373,0.21191818,0.745382238,1,0.913960871,1
2021,SE,FT,Data Science Manager,US,0,US,L,240000,H,0.132622125,0.557040111,0.519729373,0.382690051,0.745382238,0.625941503,0.913960871,1
2021,SE,FT,Data Engineering Manager,US,0,US,L,150000,H,0.132622125,0.557040111,0.519729373,0.294846981,0.745382238,0.625941503,0.913960871,1
2021,MI,FT,Data Scientist,US,100,US,S,82500,M,0.132622125,0.189836079,0.519729373,0.245068968,0.745382238,1,0.913960871,0
2021,MI,FT,Data Engineer,US,100,US,L,100000,M,0.132622125,0.189836079,0.519729373,0.261119577,0.745382238,1,0.913960871,1
2021,SE,FT,Machine Learning Engineer,BE,50,BE,M,82744,M,0.132622125,0.557040111,0.519729373,0.239635348,0.416831633,0,0.532241042,0.915551539
2021,MI,FT,Research Scientist,FR,50,FR,M,62649,L,0.132622125,0.189836079,0.519729373,0.259291375,0.285135771,0,0.390688382,0.915551539
2021,MI,FT,Data Engineer,US,100,US,L,90000,M,0.132622125,0.189836079,0.519729373,0.261119577,0.745382238,1,0.913960871,1
2021,SE,FT,Data Engineering Manager,US,100,US,L,153000,H,0.132622125,0.557040111,0.519729373,0.294846981,0.745382238,1,0.913960871,1
2021,SE,FT,Cloud Data Engineer,BR,100,US,S,160000,H,0.132622125,0.557040111,0.519729373,0.298400114,0.258340136,1,0.913960871,0
2021,SE,FT,Director of Data Science,JP,0,JP,S,168000,H,0.132622125,0.557040111,0.519729373,0.474647827,0.507845481,0.625941503,0.717441911,0
2021,MI,FT,Data Scientist,US,100,US,M,150000,H,0.132622125,0.189836079,0.519729373,0.245068968,0.745382238,1,0.913960871,0.915551539
2021,MI,FT,Data Scientist,CA,100,CA,L,75774,M,0.132622125,0.189836079,0.519729373,0.245068968,0.475467498,1,0.626201024,1
2021,EN,FT,Data Scientist,UA,100,UA,L,13400,L,0.132622125,0,0.519729373,0.245068968,0.047959184,1,0.061237785,1
2021,SE,FT,Data Science Manager,US,100,US,L,144000,H,0.132622125,0.557040111,0.519729373,0.382690051,0.745382238,1,0.913960871,1
2021,SE,FT,Data Science Engineer,CA,50,CA,L,127221,M,0.132622125,0.557040111,0.519729373,0.176165963,0.475467498,0,0.626201024,1
2021,MI,FT,Data Scientist,SG,100,IL,M,119059,M,0.132622125,0.189836079,0.519729373,0.245068968,0.511104592,1,0.749570033,0.915551539
2021,MI,FT,Applied Machine Learning Scientist,US,50,US,L,423000,H,0.132622125,0.189836079,0.519729373,0.341999069,0.745382238,0,0.913960871,1
2021,SE,FT,Data Analytics Manager,US,100,US,M,120000,M,0.132622125,0.557040111,0.519729373,0.304624693,0.745382238,1,0.913960871,0.915551539
2021,EN,FT,Machine Learning Engineer,US,100,US,S,125000,M,0.132622125,0,0.519729373,0.239635348,0.745382238,1,0.913960871,0
2021,EX,FT,Head of Data,RU,50,RU,L,230000,H,0.132622125,1,0.519729373,0.387279994,0.519132653,0,1,1
2021,EX,FT,Head of Data Science,RU,0,RU,M,85000,M,0.132622125,1,0.519729373,0.353635968,0.519132653,0.625941503,1,0.915551539
2021,MI,FT,Data Engineer,MT,50,MT,L,28369,L,0.132622125,0.189836079,0.519729373,0.261119577,0.124331633,0,0.1587557,1
2021,EN,FT,Data Science Consultant,DE,50,DE,L,63831,L,0.132622125,0,0.519729373,0.160193083,0.414982993,0,0.505273978,1
2021,EX,FT,Director of Data Science,DE,50,DE,M,130026,H,0.132622125,1,0.519729373,0.474647827,0.414982993,0,0.505273978,0.915551539
2021,SE,FT,Data Specialist,US,100,US,L,165000,H,0.132622125,0.557040111,0.519729373,0.399385872,0.745382238,1,0.913960871,1
2021,EN,FT,Data Engineer,US,100,US,L,80000,M,0.132622125,0,0.519729373,0.261119577,0.745382238,1,0.913960871,1
2021,EX,FT,Director of Data Science,US,0,US,L,250000,H,0.132622125,1,0.519729373,0.474647827,0.745382238,0.625941503,0.913960871,1
2021,EN,FT,BI Data Analyst,US,50,US,S,55000,L,0.132622125,0,0.519729373,0.173542864,0.745382238,0,0.913960871,0
2021,MI,FT,Data Architect,US,100,US,L,150000,H,0.132622125,0.189836079,0.519729373,0.431603587,0.745382238,1,0.913960871,1
2021,MI,FT,Data Architect,US,100,US,L,170000,H,0.132622125,0.189836079,0.519729373,0.431603587,0.745382238,1,0.913960871,1
2021,MI,FT,Data Engineer,GB,100,GB,L,82528,M,0.132622125,0.189836079,0.519729373,0.261119577,0.395255458,1,0.505859935,1
2021,EN,FT,Data Analyst,US,100,US,S,60000,L,0.132622125,0,0.519729373,0.21191818,0.745382238,1,0.913960871,0
2021,SE,FT,Principal Data Scientist,US,100,US,L,235000,H,0.132622125,0.557040111,0.519729373,0.525120507,0.745382238,1,0.913960871,1
2021,SE,FT,Research Scientist,PT,50,PT,L,60757,L,0.132622125,0.557040111,0.519729373,0.259291375,0.198278061,0,0.285301303,1
2021,SE,FT,Data Engineering Manager,US,100,US,L,174000,H,0.132622125,0.557040111,0.519729373,0.294846981,0.745382238,1,0.913960871,1
2021,MI,FT,Data Scientist,MX,0,MX,S,2859,L,0.132622125,0.189836079,0.519729373,0.245068968,0.072372449,0.625941503,0.183213898,0
2021,MI,FT,Data Scientist,CL,100,CL,L,40038,L,0.132622125,0.189836079,0.519729373,0.245068968,0.183867347,1,0.234775244,1
2021,EN,FT,Machine Learning Engineer,US,50,US,S,81000,M,0.132622125,0,0.519729373,0.239635348,0.745382238,0,0.913960871,0
2021,MI,FT,Data Scientist,IN,100,US,S,5679,L,0.132622125,0.189836079,0.519729373,0.245068968,0.170011905,1,0.913960871,0
2021,MI,FT,Big Data Engineer,IN,0,IN,L,22611,L,0.132622125,0.189836079,0.519729373,0.116531654,0.170011905,0.625941503,0.160141694,1
2021,MI,FT,Data Scientist,DE,50,DE,L,90734,M,0.132622125,0.189836079,0.519729373,0.245068968,0.414982993,0,0.505273978,1
2021,MI,FT,Data Engineer,RO,0,US,L,26005,L,0.132622125,0.189836079,0.519729373,0.261119577,0.241933673,0.625941503,0.913960871,1
2021,SE,FT,Finance Data Analyst,GB,50,GB,L,61896,L,0.132622125,0.557040111,0.519729373,0.141362043,0.395255458,0,0.505859935,1
2021,MI,FL,Machine Learning Scientist,PK,50,PK,M,12000,L,0.132622125,0.189836079,0.098541627,0.382900266,0.119708333,0,0.060803474,0.915551539
2021,MI,FT,Data Engineer,IR,100,IR,M,4000,L,0.132622125,0.189836079,0.519729373,0.261119577,0,1,0,0.915551539
2021,SE,FT,Data Analytics Engineer,VN,100,GB,M,50000,L,0.132622125,0.557040111,0.519729373,0.148627597,0.136734694,1,0.505859935,0.915551539
2021,EX,FT,Data Science Consultant,FR,100,ES,S,69741,L,0.132622125,1,0.519729373,0.160193083,0.285135771,1,0.319610051,0
2021,SE,FT,Data Engineer,RO,50,GB,S,76833,M,0.132622125,0.557040111,0.519729373,0.261119577,0.241933673,0,0.505859935,0
2021,MI,FT,Machine Learning Engineer,JP,50,JP,S,74000,L,0.132622125,0.189836079,0.519729373,0.239635348,0.507845481,0,0.717441911,0
2021,SE,FT,Data Science Manager,US,100,FR,L,152000,H,0.132622125,0.557040111,0.519729373,0.382690051,0.745382238,1,0.390688382,1
2021,EN,FT,Machine Learning Engineer,CO,50,CO,M,21844,L,0.132622125,0,0.519729373,0.239635348,0.091040816,0,0.116247557,0.915551539
2021,MI,FT,Big Data Engineer,MD,0,MD,S,18000,L,0.132622125,0.189836079,0.519729373,0.116531654,0.071428571,0.625941503,0.091205212,0
2021,SE,FT,Data Science Manager,US,100,US,L,174000,H,0.132622125,0.557040111,0.519729373,0.382690051,0.745382238,1,0.913960871,1
2021,SE,FT,Research Scientist,CA,50,CA,L,96113,M,0.132622125,0.557040111,0.519729373,0.259291375,0.475467498,0,0.626201024,1
2021,MI,FT,Data Scientist,US,50,US,L,147000,H,0.132622125,0.189836079,0.519729373,0.245068968,0.745382238,0,0.913960871,1
2021,EN,FT,BI Data Analyst,KE,100,KE,S,9272,L,0.132622125,0,0.519729373,0.173542864,0.026897959,1,0.034345277,0
2021,SE,FT,Machine Learning Engineer,IN,100,IN,L,24342,L,0.132622125,0.557040111,0.519729373,0.239635348,0.170011905,1,0.160141694,1
2021,SE,FT,Data Science Manager,IN,50,US,L,54094,L,0.132622125,0.557040111,0.519729373,0.382690051,0.170011905,0,0.913960871,1
2021,EN,FT,Data Science Consultant,US,100,US,S,90000,M,0.132622125,0,0.519729373,0.160193083,0.745382238,1,0.913960871,0
2021,MI,FT,Data Scientist,DE,50,AT,M,61467,L,0.132622125,0.189836079,0.519729373,0.245068968,0.414982993,0,0.448995114,0.915551539
2021,SE,FT,Machine Learning Infrastructure Engineer,US,100,US,M,195000,H,0.132622125,0.557040111,0.519729373,0.239584976,0.745382238,1,0.913960871,0.915551539
2021,MI,FT,Data Scientist,ES,100,ES,L,37825,L,0.132622125,0.189836079,0.519729373,0.245068968,0.273435714,1,0.319610051,1
2021,SE,FT,Research Scientist,FR,100,US,S,50000,L,0.132622125,0.557040111,0.519729373,0.259291375,0.285135771,1,0.913960871,0
2021,MI,FT,Data Scientist,US,100,US,L,160000,H,0.132622125,0.189836079,0.519729373,0.245068968,0.745382238,1,0.913960871,1
2021,MI,FT,Data Scientist,BR,0,BR,S,12901,L,0.132622125,0.189836079,0.519729373,0.245068968,0.258340136,0.625941503,0.095131379,0
2021,SE,FT,Machine Learning Engineer,US,100,US,L,200000,H,0.132622125,0.557040111,0.519729373,0.239635348,0.745382238,1,0.913960871,1
2021,SE,FT,Data Engineer,US,0,US,M,165000,H,0.132622125,0.557040111,0.519729373,0.261119577,0.745382238,0.625941503,0.913960871,0.915551539
2021,MI,FL,Data Engineer,IT,0,US,L,20000,L,0.132622125,0.189836079,0.098541627,0.261119577,0.293877551,0.625941503,0.913960871,1
2021,SE,FT,Data Analytics Manager,US,0,US,L,120000,M,0.132622125,0.557040111,0.519729373,0.304624693,0.745382238,0.625941503,0.913960871,1
2021,MI,FT,Machine Learning Engineer,SI,50,SI,L,24823,L,0.132622125,0.189836079,0.519729373,0.239635348,0.305260204,0,0.389778502,1
2021,MI,FT,Research Scientist,FR,50,FR,S,56738,L,0.132622125,0.189836079,0.519729373,0.259291375,0.285135771,0,0.390688382,0
2021,MI,FT,Data Engineer,HK,50,GB,S,66022,L,0.132622125,0.189836079,0.519729373,0.261119577,0.316438776,0,0.505859935,0
2021,EN,FT,Big Data Engineer,IN,0,CH,L,5882,L,0.132622125,0,0.519729373,0.116531654,0.170011905,0.625941503,0.39162215,1
2021,EN,FT,Machine Learning Engineer,DE,50,DE,M,24823,L,0.132622125,0,0.519729373,0.239635348,0.414982993,0,0.505273978,0.915551539
2021,SE,FT,Principal Data Engineer,US,100,US,L,185000,H,0.132622125,0.557040111,0.519729373,0.808137154,0.745382238,1,0.913960871,1
2021,EN,PT,Computer Vision Engineer,DK,50,DK,S,28609,L,0.132622125,0,0,0.097625656,0.169655612,0,0.328249729,0
2021,MI,FT,Machine Learning Engineer,BE,100,BE,M,88654,M,0.132622125,0.189836079,0.519729373,0.239635348,0.416831633,1,0.532241042,0.915551539
2021,SE,FT,Data Analytics Manager,US,100,US,L,140000,H,0.132622125,0.557040111,0.519729373,0.304624693,0.745382238,1,0.913960871,1
2021,MI,FT,Machine Learning Engineer,PL,100,PL,L,46597,L,0.132622125,0.189836079,0.519729373,0.239635348,0.266211735,1,0.404446254,1
2021,MI,FT,Data Scientist,GB,50,GB,L,116914,M,0.132622125,0.189836079,0.519729373,0.245068968,0.395255458,0,0.505859935,1
2021,MI,FT,Data Scientist,IN,0,IN,M,33808,L,0.132622125,0.189836079,0.519729373,0.245068968,0.170011905,0.625941503,0.160141694,0.915551539
2021,MI,FT,Data Scientist,GB,50,GB,L,56256,L,0.132622125,0.189836079,0.519729373,0.245068968,0.395255458,0,0.505859935,1
2021,SE,FT,Machine Learning Scientist,US,100,CA,L,225000,H,0.132622125,0.557040111,0.519729373,0.382900266,0.745382238,1,0.626201024,1
2021,EX,CT,Principal Data Scientist,US,100,US,S,416000,H,0.132622125,1,1,0.525120507,0.745382238,1,0.913960871,0
2021,SE,FT,Data Scientist,CA,100,CA,S,87738,M,0.132622125,0.557040111,0.519729373,0.245068968,0.475467498,1,0.626201024,0
2021,MI,FT,Data Scientist,DE,50,DE,L,88654,M,0.132622125,0.189836079,0.519729373,0.245068968,0.414982993,0,0.505273978,1
2021,SE,FT,Data Scientist,US,0,US,L,135000,H,0.132622125,0.557040111,0.519729373,0.245068968,0.745382238,0.625941503,0.913960871,1
2021,SE,FT,Data Analyst,CA,100,CA,M,71786,L,0.132622125,0.557040111,0.519729373,0.21191818,0.475467498,1,0.626201024,0.915551539
2021,EN,FT,Big Data Engineer,IN,100,IN,L,16228,L,0.132622125,0,0.519729373,0.116531654,0.170011905,1,0.160141694,1
2021,SE,FT,ML Engineer,US,100,US,S,256000,H,0.132622125,0.557040111,0.519729373,0.280524336,0.745382238,1,0.913960871,0
2021,SE,FT,Director of Data Engineering,US,100,US,L,200000,H,0.132622125,0.557040111,0.519729373,0.378709731,0.745382238,1,0.913960871,1
2021,SE,FT,Data Analyst,US,100,US,L,200000,H,0.132622125,0.557040111,0.519729373,0.21191818,0.745382238,1,0.913960871,1
2021,MI,FT,Data Architect,US,100,US,L,180000,H,0.132622125,0.189836079,0.519729373,0.431603587,0.745382238,1,0.913960871,1
2021,MI,FT,Head of Data Science,US,0,US,S,110000,M,0.132622125,0.189836079,0.519729373,0.353635968,0.745382238,0.625941503,0.913960871,0
2021,MI,FT,Research Scientist,CA,100,CA,M,63810,L,0.132622125,0.189836079,0.519729373,0.259291375,0.475467498,1,0.626201024,0.915551539
2021,MI,FT,Data Scientist,ES,100,ES,M,46809,L,0.132622125,0.189836079,0.519729373,0.245068968,0.273435714,1,0.319610051,0.915551539
2021,EN,FT,Data Scientist,VN,0,VN,M,4000,L,0.132622125,0,0.519729373,0.245068968,0.136734694,0.625941503,0,0.915551539
2021,EN,FT,Data Engineer,IN,50,IN,M,21637,L,0.132622125,0,0.519729373,0.261119577,0.170011905,0,0.160141694,0.915551539
2021,SE,FT,Data Scientist,CA,100,CA,L,103691,M,0.132622125,0.557040111,0.519729373,0.245068968,0.475467498,1,0.626201024,1
2021,MI,FT,Data Analyst,US,100,US,L,80000,M,0.132622125,0.189836079,0.519729373,0.21191818,0.745382238,1,0.913960871,1
2021,MI,FT,Data Engineer,US,100,US,L,110000,M,0.132622125,0.189836079,0.519729373,0.261119577,0.745382238,1,0.913960871,1
2021,SE,FT,Data Scientist,US,100,US,L,165000,H,0.132622125,0.557040111,0.519729373,0.245068968,0.745382238,1,0.913960871,1
2021,EN,FT,AI Scientist,IN,100,AS,S,18053,L,0.132622125,0,0.519729373,0.15197182,0.170011905,1,0.091550489,0
2021,MI,FT,Data Engineer,GB,50,GB,L,72212,L,0.132622125,0.189836079,0.519729373,0.261119577,0.395255458,0,0.505859935,1
2021,EN,FT,Data Scientist,FR,50,FR,L,36643,L,0.132622125,0,0.519729373,0.245068968,0.285135771,0,0.390688382,1
2021,MI,FT,Data Engineer,TR,0,TR,M,12103,L,0.132622125,0.189836079,0.519729373,0.261119577,0.08212585,0.625941503,0.104864278,0.915551539
2021,SE,FT,Data Engineer,GB,50,GB,L,96282,M,0.132622125,0.557040111,0.519729373,0.261119577,0.395255458,0,0.505859935,1
2021,SE,FT,Principal Data Analyst,US,100,US,M,170000,H,0.132622125,0.557040111,0.519729373,0.29302712,0.745382238,1,0.913960871,0.915551539
2021,MI,FT,Data Scientist,US,50,US,L,115000,M,0.132622125,0.189836079,0.519729373,0.245068968,0.745382238,0,0.913960871,1
2021,EN,FT,Data Scientist,US,100,US,S,90000,M,0.132622125,0,0.519729373,0.245068968,0.745382238,1,0.913960871,0
2021,EX,FT,Principal Data Engineer,US,100,US,L,600000,H,0.132622125,1,0.519729373,0.808137154,0.745382238,1,0.913960871,1
2021,EN,FT,Data Scientist,IN,100,IN,M,28399,L,0.132622125,0,0.519729373,0.245068968,0.170011905,1,0.160141694,0.915551539
2021,MI,FT,Data Analyst,US,100,US,L,93000,M,0.132622125,0.189836079,0.519729373,0.21191818,0.745382238,1,0.913960871,1
2021,SE,FT,Big Data Architect,CA,50,CA,M,99703,M,0.132622125,0.557040111,0.519729373,0.235976286,0.475467498,0,0.626201024,0.915551539
2021,SE,FT,Principal Data Scientist,DE,100,DE,M,173762,H,0.132622125,0.557040111,0.519729373,0.525120507,0.414982993,1,0.505273978,0.915551539
2021,SE,FT,Machine Learning Engineer,US,50,US,L,185000,H,0.132622125,0.557040111,0.519729373,0.239635348,0.745382238,0,0.913960871,1
2021,EX,FT,Director of Data Science,DE,0,DE,L,141846,H,0.132622125,1,0.519729373,0.474647827,0.414982993,0.625941503,0.505273978,1
2021,MI,FT,Data Scientist,US,50,US,L,130000,H,0.132622125,0.189836079,0.519729373,0.245068968,0.745382238,0,0.913960871,1
2021,SE,FT,Data Analyst,DE,50,DE,L,63831,L,0.132622125,0.557040111,0.519729373,0.21191818,0.414982993,0,0.505273978,1
2021,MI,FT,Data Scientist,IN,100,IN,S,16904,L,0.132622125,0.189836079,0.519729373,0.245068968,0.170011905,1,0.160141694,0
2021,SE,FT,Machine Learning Engineer,IN,0,IN,L,66265,L,0.132622125,0.557040111,0.519729373,0.239635348,0.170011905,0.625941503,0.160141694,1
2021,MI,FT,Data Scientist,RS,100,DE,S,25532,L,0.132622125,0.189836079,0.519729373,0.245068968,0.109857143,1,0.505273978,0
2021,SE,FT,Lead Data Engineer,PR,50,US,S,160000,H,0.132622125,0.557040111,0.519729373,0.336132445,0.795918367,0,0.913960871,0
2021,MI,FT,Data Engineer,US,0,US,M,93150,M,0.132622125,0.189836079,0.519729373,0.261119577,0.745382238,0.625941503,0.913960871,0.915551539
2021,MI,FT,Data Engineer,US,0,US,M,111775,M,0.132622125,0.189836079,0.519729373,0.261119577,0.745382238,0.625941503,0.913960871,0.915551539
2021,MI,FT,Data Engineer,TR,100,TR,M,28016,L,0.132622125,0.189836079,0.519729373,0.261119577,0.08212585,1,0.104864278,0.915551539
2021,EN,FT,Data Engineer,DE,50,DE,M,65013,L,0.132622125,0,0.519729373,0.261119577,0.414982993,0,0.505273978,0.915551539
2021,EN,FT,Data Engineer,US,100,US,L,72500,L,0.132622125,0,0.519729373,0.261119577,0.745382238,1,0.913960871,1
2021,SE,FT,Computer Vision Engineer,BR,0,BR,M,18907,L,0.132622125,0.557040111,0.519729373,0.097625656,0.258340136,0.625941503,0.095131379,0.915551539
2021,EN,FT,Data Science Consultant,DE,0,DE,L,76833,M,0.132622125,0,0.519729373,0.160193083,0.414982993,0.625941503,0.505273978,1
2021,EN,FT,Machine Learning Engineer,NL,100,DE,S,85000,M,0.132622125,0,0.519729373,0.239635348,0.290594898,1,0.505273978,0
2021,SE,FT,Data Scientist,FR,50,FR,M,77684,M,0.132622125,0.557040111,0.519729373,0.245068968,0.285135771,0,0.390688382,0.915551539
2021,EN,FT,Data Scientist,US,100,US,M,100000,M,0.132622125,0,0.519729373,0.245068968,0.745382238,1,0.913960871,0.915551539
2021,EN,FT,Data Scientist,US,50,US,L,58000,L,0.132622125,0,0.519729373,0.245068968,0.745382238,0,0.913960871,1
2021,SE,FT,AI Scientist,ES,100,ES,L,55000,L,0.132622125,0.557040111,0.519729373,0.15197182,0.273435714,1,0.319610051,1
2021,SE,FT,Data Scientist,TR,50,TR,L,20171,L,0.132622125,0.557040111,0.519729373,0.245068968,0.08212585,0,0.104864278,1
2021,EN,FT,Business Data Analyst,LU,100,LU,L,59102,L,0.132622125,0,0.519729373,0.178387902,0.281132653,1,0.260212812,1
2021,MI,FT,Data Engineer,US,100,US,L,112000,M,0.132622125,0.189836079,0.519729373,0.261119577,0.745382238,1,0.913960871,1
2021,EN,FT,Research Scientist,JE,0,CN,L,100000,M,0.132622125,0,0.519729373,0.259291375,0.489795918,0.625941503,0.44081759,1
2021,MI,PT,Data Engineer,NL,100,NL,L,69741,L,0.132622125,0.189836079,0,0.261119577,0.290594898,1,0.331894137,1
2021,SE,CT,Staff Data Scientist,US,100,US,M,105000,M,0.132622125,0.557040111,1,0.24923234,0.745382238,1,0.913960871,0.915551539
2021,MI,FT,Research Scientist,CZ,50,CZ,L,69999,L,0.132622125,0.189836079,0.519729373,0.259291375,0.336729592,0,0.305778502,1
2021,SE,FT,Data Science Manager,IN,50,IN,L,94665,M,0.132622125,0.557040111,0.519729373,0.382690051,0.170011905,0,0.160141694,1
2021,SE,FT,Head of Data,SI,100,SI,L,102839,M,0.132622125,0.557040111,0.519729373,0.387279994,0.305260204,1,0.389778502,1
2021,MI,FT,Data Scientist,US,50,US,L,109000,M,0.132622125,0.189836079,0.519729373,0.245068968,0.745382238,0,0.913960871,1
2021,MI,FT,Machine Learning Engineer,IT,50,IT,L,51064,L,0.132622125,0.189836079,0.519729373,0.239635348,0.293877551,0,0.210856678,1
2022,SE,FT,Data Engineer,US,100,US,M,135000,H,1,0.557040111,0.519729373,0.261119577,0.745382238,1,0.913960871,0.915551539
2022,SE,FT,Data Analyst,US,100,US,M,155000,H,1,0.557040111,0.519729373,0.21191818,0.745382238,1,0.913960871,0.915551539
2022,SE,FT,Data Analyst,US,100,US,M,120600,M,1,0.557040111,0.519729373,0.21191818,0.745382238,1,0.913960871,0.915551539
2022,MI,FT,Data Scientist,US,0,US,M,130000,H,1,0.189836079,0.519729373,0.245068968,0.745382238,0.625941503,0.913960871,0.915551539
2022,MI,FT,Data Scientist,US,0,US,M,90000,M,1,0.189836079,0.519729373,0.245068968,0.745382238,0.625941503,0.913960871,0.915551539
2022,MI,FT,Data Engineer,US,100,US,M,170000,H,1,0.189836079,0.519729373,0.261119577,0.745382238,1,0.913960871,0.915551539
2022,MI,FT,Data Engineer,US,100,US,M,150000,H,1,0.189836079,0.519729373,0.261119577,0.745382238,1,0.913960871,0.915551539
2022,SE,FT,Data Analyst,US,100,US,M,102100,M,1,0.557040111,0.519729373,0.21191818,0.745382238,1,0.913960871,0.915551539
2022,SE,FT,Data Analyst,US,100,US,M,84900,M,1,0.557040111,0.519729373,0.21191818,0.745382238,1,0.913960871,0.915551539
2022,SE,FT,Data Scientist,US,100,US,M,136620,H,1,0.557040111,0.519729373,0.245068968,0.745382238,1,0.913960871,0.915551539
2022,SE,FT,Data Scientist,US,100,US,M,99360,M,1,0.557040111,0.519729373,0.245068968,0.745382238,1,0.913960871,0.915551539
2022,SE,FT,Data Scientist,GB,0,GB,M,117789,M,1,0.557040111,0.519729373,0.245068968,0.395255458,0.625941503,0.505859935,0.915551539
2022,SE,FT,Data Scientist,GB,0,GB,M,104702,M,1,0.557040111,0.519729373,0.245068968,0.395255458,0.625941503,0.505859935,0.915551539
2022,SE,FT,Data Scientist,US,100,US,M,146000,H,1,0.557040111,0.519729373,0.245068968,0.745382238,1,0.913960871,0.915551539
2022,SE,FT,Data Scientist,US,100,US,M,123000,M,1,0.557040111,0.519729373,0.245068968,0.745382238,1,0.913960871,0.915551539
2022,EN,FT,Data Engineer,GB,100,GB,M,52351,L,1,0,0.519729373,0.261119577,0.395255458,1,0.505859935,0.915551539
2022,SE,FT,Data Analyst,US,0,US,M,99000,M,1,0.557040111,0.519729373,0.21191818,0.745382238,0.625941503,0.913960871,0.915551539
2022,SE,FT,Data Analyst,US,0,US,M,116000,M,1,0.557040111,0.519729373,0.21191818,0.745382238,0.625941503,0.913960871,0.915551539
2022,MI,FT,Data Analyst,US,0,US,M,106260,M,1,0.189836079,0.519729373,0.21191818,0.745382238,0.625941503,0.913960871,0.915551539
2022,MI,FT,Data Analyst,US,0,US,M,126500,M,1,0.189836079,0.519729373,0.21191818,0.745382238,0.625941503,0.913960871,0.915551539
2022,EX,FT,Data Engineer,US,100,US,M,242000,H,1,1,0.519729373,0.261119577,0.745382238,1,0.913960871,0.915551539
2022,EX,FT,Data Engineer,US,100,US,M,200000,H,1,1,0.519729373,0.261119577,0.745382238,1,0.913960871,0.915551539
2022,MI,FT,Data Scientist,GB,0,GB,M,65438,L,1,0.189836079,0.519729373,0.245068968,0.395255458,0.625941503,0.505859935,0.915551539
2022,MI,FT,Data Scientist,GB,0,GB,M,39263,L,1,0.189836079,0.519729373,0.245068968,0.395255458,0.625941503,0.505859935,0.915551539
2022,MI,FT,Data Engineer,GB,0,GB,M,78526,M,1,0.189836079,0.519729373,0.261119577,0.395255458,0.625941503,0.505859935,0.915551539
2022,MI,FT,Data Engineer,GB,0,GB,M,52351,L,1,0.189836079,0.519729373,0.261119577,0.395255458,0.625941503,0.505859935,0.915551539
2022,SE,FT,Data Scientist,US,100,US,M,165220,H,1,0.557040111,0.519729373,0.245068968,0.745382238,1,0.913960871,0.915551539
2022,EN,FT,Data Engineer,GB,100,GB,M,45807,L,1,0,0.519729373,0.261119577,0.395255458,1,0.505859935,0.915551539
2022,SE,FT,Data Scientist,US,100,US,M,120160,M,1,0.557040111,0.519729373,0.245068968,0.745382238,1,0.913960871,0.915551539
2022,SE,FT,Data Analyst,US,100,US,M,90320,M,1,0.557040111,0.519729373,0.21191818,0.745382238,1,0.913960871,0.915551539
2022,SE,FT,Data Engineer,US,0,US,M,181940,H,1,0.557040111,0.519729373,0.261119577,0.745382238,0.625941503,0.913960871,0.915551539
2022,SE,FT,Data Engineer,US,0,US,M,132320,H,1,0.557040111,0.519729373,0.261119577,0.745382238,0.625941503,0.913960871,0.915551539
2022,SE,FT,Data Engineer,US,0,US,M,220110,H,1,0.557040111,0.519729373,0.261119577,0.745382238,0.625941503,0.913960871,0.915551539
2022,SE,FT,Data Engineer,US,0,US,M,160080,H,1,0.557040111,0.519729373,0.261119577,0.745382238,0.625941503,0.913960871,0.915551539
2022,SE,FT,Data Scientist,US,0,US,L,180000,H,1,0.557040111,0.519729373,0.245068968,0.745382238,0.625941503,0.913960871,1
2022,SE,FT,Data Scientist,US,0,US,L,120000,M,1,0.557040111,0.519729373,0.245068968,0.745382238,0.625941503,0.913960871,1
2022,SE,FT,Data Analyst,US,100,US,M,124190,M,1,0.557040111,0.519729373,0.21191818,0.745382238,1,0.913960871,0.915551539
2022,EX,FT,Data Analyst,US,100,US,M,130000,H,1,1,0.519729373,0.21191818,0.745382238,1,0.913960871,0.915551539
2022,EX,FT,Data Analyst,US,100,US,M,110000,M,1,1,0.519729373,0.21191818,0.745382238,1,0.913960871,0.915551539
2022,SE,FT,Data Analyst,US,100,US,M,170000,H,1,0.557040111,0.519729373,0.21191818,0.745382238,1,0.913960871,0.915551539
2022,MI,FT,Data Analyst,US,100,US,M,115500,M,1,0.189836079,0.519729373,0.21191818,0.745382238,1,0.913960871,0.915551539
2022,SE,FT,Data Analyst,US,100,US,M,112900,M,1,0.557040111,0.519729373,0.21191818,0.745382238,1,0.913960871,0.915551539
2022,SE,FT,Data Engineer,US,100,US,M,165400,H,1,0.557040111,0.519729373,0.261119577,0.745382238,1,0.913960871,0.915551539
2022,SE,FT,Data Engineer,US,100,US,M,132320,H,1,0.557040111,0.519729373,0.261119577,0.745382238,1,0.913960871,0.915551539
2022,MI,FT,Data Analyst,US,100,US,M,167000,H,1,0.189836079,0.519729373,0.21191818,0.745382238,1,0.913960871,0.915551539
2022,SE,FT,Data Engineer,US,100,US,M,243900,H,1,0.557040111,0.519729373,0.261119577,0.745382238,1,0.913960871,0.915551539
2022,SE,FT,Data Analyst,US,100,US,M,136600,H,1,0.557040111,0.519729373,0.21191818,0.745382238,1,0.913960871,0.915551539
2022,SE,FT,Data Analyst,US,100,US,M,109280,M,1,0.557040111,0.519729373,0.21191818,0.745382238,1,0.913960871,0.915551539
2022,SE,FT,Data Engineer,US,100,US,M,128875,H,1,0.557040111,0.519729373,0.261119577,0.745382238,1,0.913960871,0.915551539
2022,SE,FT,Data Engineer,US,100,US,M,93700,M,1,0.557040111,0.519729373,0.261119577,0.745382238,1,0.913960871,0.915551539
2022,EX,FT,Head of Data Science,US,100,US,M,224000,H,1,1,0.519729373,0.353635968,0.745382238,1,0.913960871,0.915551539
2022,EX,FT,Head of Data Science,US,100,US,M,167875,H,1,1,0.519729373,0.353635968,0.745382238,1,0.913960871,0.915551539
2022,EX,FT,Analytics Engineer,US,100,US,M,175000,H,1,1,0.519729373,0.424411461,0.745382238,1,0.913960871,0.915551539
2022,SE,FT,Data Engineer,US,100,US,M,156600,H,1,0.557040111,0.519729373,0.261119577,0.745382238,1,0.913960871,0.915551539
2022,SE,FT,Data Engineer,US,0,US,M,108800,M,1,0.557040111,0.519729373,0.261119577,0.745382238,0.625941503,0.913960871,0.915551539
2022,SE,FT,Data Scientist,US,0,US,M,95550,M,1,0.557040111,0.519729373,0.245068968,0.745382238,0.625941503,0.913960871,0.915551539
2022,SE,FT,Data Engineer,US,0,US,L,113000,M,1,0.557040111,0.519729373,0.261119577,0.745382238,0.625941503,0.913960871,1
2022,SE,FT,Data Analyst,US,100,US,M,135000,H,1,0.557040111,0.519729373,0.21191818,0.745382238,1,0.913960871,0.915551539
2022,SE,FT,Data Science Manager,US,100,US,M,161342,H,1,0.557040111,0.519729373,0.382690051,0.745382238,1,0.913960871,0.915551539
2022,SE,FT,Data Science Manager,US,100,US,M,137141,H,1,0.557040111,0.519729373,0.382690051,0.745382238,1,0.913960871,0.915551539
2022,SE,FT,Data Scientist,US,100,US,M,167000,H,1,0.557040111,0.519729373,0.245068968,0.745382238,1,0.913960871,0.915551539
2022,SE,FT,Data Engineer,GB,0,GB,M,78526,M,1,0.557040111,0.519729373,0.261119577,0.395255458,0.625941503,0.505859935,0.915551539
2022,SE,FT,Data Engineer,GB,0,GB,M,65438,L,1,0.557040111,0.519729373,0.261119577,0.395255458,0.625941503,0.505859935,0.915551539
2022,SE,FT,Data Scientist,US,0,US,M,150000,H,1,0.557040111,0.519729373,0.245068968,0.745382238,0.625941503,0.913960871,0.915551539
2022,SE,FT,Data Scientist,US,100,US,M,211500,H,1,0.557040111,0.519729373,0.245068968,0.745382238,1,0.913960871,0.915551539
2022,SE,FT,Data Architect,CA,100,CA,M,192400,H,1,0.557040111,0.519729373,0.431603587,0.475467498,1,0.626201024,0.915551539
2022,SE,FT,Data Architect,CA,100,CA,M,90700,M,1,0.557040111,0.519729373,0.431603587,0.475467498,1,0.626201024,0.915551539
2022,SE,FT,Data Analyst,CA,100,CA,M,130000,H,1,0.557040111,0.519729373,0.21191818,0.475467498,1,0.626201024,0.915551539
2022,SE,FT,Data Analyst,CA,100,CA,M,61300,L,1,0.557040111,0.519729373,0.21191818,0.475467498,1,0.626201024,0.915551539
2022,SE,FT,Data Engineer,US,0,US,L,160000,H,1,0.557040111,0.519729373,0.261119577,0.745382238,0.625941503,0.913960871,1
2022,SE,FT,Data Scientist,US,100,US,M,138600,H,1,0.557040111,0.519729373,0.245068968,0.745382238,1,0.913960871,0.915551539
2022,SE,FT,Data Engineer,US,0,US,M,136000,H,1,0.557040111,0.519729373,0.261119577,0.745382238,0.625941503,0.913960871,0.915551539
2022,MI,FT,Data Analyst,US,0,US,S,58000,L,1,0.189836079,0.519729373,0.21191818,0.745382238,0.625941503,0.913960871,0
2022,EX,FT,Analytics Engineer,US,100,US,M,135000,H,1,1,0.519729373,0.424411461,0.745382238,1,0.913960871,0.915551539
2022,SE,FT,Data Scientist,US,100,US,M,170000,H,1,0.557040111,0.519729373,0.245068968,0.745382238,1,0.913960871,0.915551539
2022,SE,FT,Machine Learning Engineer,US,0,US,M,189650,H,1,0.557040111,0.519729373,0.239635348,0.745382238,0.625941503,0.913960871,0.915551539
2022,SE,FT,Machine Learning Engineer,US,0,US,M,164996,H,1,0.557040111,0.519729373,0.239635348,0.745382238,0.625941503,0.913960871,0.915551539
2022,MI,FT,ETL Developer,GR,0,GR,M,54957,L,1,0.189836079,0.519729373,0.123996787,0.267580357,0.625941503,0.312877524,0.915551539
2022,EX,FT,Lead Data Engineer,CA,100,CA,S,118187,M,1,1,0.519729373,0.336132445,0.475467498,1,0.626201024,0
2022,SE,FT,Data Analyst,US,0,US,M,132000,H,1,0.557040111,0.519729373,0.21191818,0.745382238,0.625941503,0.913960871,0.915551539
2022,SE,FT,Data Architect,US,100,US,M,208775,H,1,0.557040111,0.519729373,0.431603587,0.745382238,1,0.913960871,0.915551539
2022,SE,FT,Data Architect,US,100,US,M,147800,H,1,0.557040111,0.519729373,0.431603587,0.745382238,1,0.913960871,0.915551539
2022,SE,FT,Data Engineer,US,100,US,M,136994,H,1,0.557040111,0.519729373,0.261119577,0.745382238,1,0.913960871,0.915551539
2022,SE,FT,Data Engineer,US,100,US,M,101570,M,1,0.557040111,0.519729373,0.261119577,0.745382238,1,0.913960871,0.915551539
2022,SE,FT,Data Analyst,US,100,US,M,128875,H,1,0.557040111,0.519729373,0.21191818,0.745382238,1,0.913960871,0.915551539
2022,SE,FT,Data Analyst,US,100,US,M,93700,M,1,0.557040111,0.519729373,0.21191818,0.745382238,1,0.913960871,0.915551539
2022,EX,FT,Head of Machine Learning,IN,50,IN,L,79039,M,1,1,0.519729373,0.184263409,0.170011905,0,0.160141694,1
2022,EN,FT,Machine Learning Engineer,GB,100,GB,L,37300,L,1,0,0.519729373,0.239635348,0.395255458,1,0.505859935,1
2022,SE,FT,Data Analyst,US,0,US,M,164000,H,1,0.557040111,0.519729373,0.21191818,0.745382238,0.625941503,0.913960871,0.915551539
2022,SE,FT,Data Engineer,US,100,US,M,155000,H,1,0.557040111,0.519729373,0.261119577,0.745382238,1,0.913960871,0.915551539
2022,MI,FT,Machine Learning Engineer,GB,0,GB,M,124333,M,1,0.189836079,0.519729373,0.239635348,0.395255458,0.625941503,0.505859935,0.915551539
2022,MI,FT,Machine Learning Engineer,GB,0,GB,M,98158,M,1,0.189836079,0.519729373,0.239635348,0.395255458,0.625941503,0.505859935,0.915551539
2022,MI,FT,AI Scientist,US,0,US,M,120000,M,1,0.189836079,0.519729373,0.15197182,0.745382238,0.625941503,0.913960871,0.915551539
2022,SE,FT,Data Analytics Manager,US,100,US,M,145000,H,1,0.557040111,0.519729373,0.304624693,0.745382238,1,0.913960871,0.915551539
2022,SE,FT,Data Analytics Manager,US,100,US,M,105400,M,1,0.557040111,0.519729373,0.304624693,0.745382238,1,0.913960871,0.915551539
2022,MI,FT,Machine Learning Engineer,FR,100,DE,M,87932,M,1,0.189836079,0.519729373,0.239635348,0.285135771,1,0.505273978,0.915551539
2022,MI,FT,Data Engineer,GB,0,GB,M,117789,M,1,0.189836079,0.519729373,0.261119577,0.395255458,0.625941503,0.505859935,0.915551539
2022,SE,FT,Data Scientist,US,100,US,L,215300,H,1,0.557040111,0.519729373,0.245068968,0.745382238,1,0.913960871,1
2022,SE,FT,Data Scientist,US,100,US,L,158200,H,1,0.557040111,0.519729373,0.245068968,0.745382238,1,0.913960871,1
2022,SE,FT,Data Engineer,US,100,US,L,209100,H,1,0.557040111,0.519729373,0.261119577,0.745382238,1,0.913960871,1
2022,SE,FT,Data Engineer,US,100,US,L,154600,H,1,0.557040111,0.519729373,0.261119577,0.745382238,1,0.913960871,1
2022,SE,FT,Data Analyst,US,0,US,M,115934,M,1,0.557040111,0.519729373,0.21191818,0.745382238,0.625941503,0.913960871,0.915551539
2022,SE,FT,Data Analyst,US,0,US,M,81666,M,1,0.557040111,0.519729373,0.21191818,0.745382238,0.625941503,0.913960871,0.915551539
2022,SE,FT,Data Engineer,US,100,US,M,175000,H,1,0.557040111,0.519729373,0.261119577,0.745382238,1,0.913960871,0.915551539
2022,MI,FT,Data Engineer,GB,0,GB,M,98158,M,1,0.189836079,0.519729373,0.261119577,0.395255458,0.625941503,0.505859935,0.915551539
2022,SE,FT,Data Engineer,US,100,US,L,183600,H,1,0.557040111,0.519729373,0.261119577,0.745382238,1,0.913960871,1
2022,MI,FT,Data Analyst,GB,100,GB,M,52351,L,1,0.189836079,0.519729373,0.21191818,0.395255458,1,0.505859935,0.915551539
2022,SE,FT,Data Scientist,US,100,US,M,180000,H,1,0.557040111,0.519729373,0.245068968,0.745382238,1,0.913960871,0.915551539
2022,MI,FT,Data Scientist,GB,0,GB,M,71982,L,1,0.189836079,0.519729373,0.245068968,0.395255458,0.625941503,0.505859935,0.915551539
2022,MI,FT,Data Scientist,GB,0,GB,M,45807,L,1,0.189836079,0.519729373,0.245068968,0.395255458,0.625941503,0.505859935,0.915551539
2022,MI,FT,Data Engineer,GR,100,GR,M,65949,L,1,0.189836079,0.519729373,0.261119577,0.267580357,1,0.312877524,0.915551539
2022,MI,FT,Data Engineer,GR,100,GR,M,49461,L,1,0.189836079,0.519729373,0.261119577,0.267580357,1,0.312877524,0.915551539
2022,MI,FT,Data Engineer,GB,100,GB,M,78526,M,1,0.189836079,0.519729373,0.261119577,0.395255458,1,0.505859935,0.915551539
2022,MI,FT,Data Engineer,GB,100,GB,M,58894,L,1,0.189836079,0.519729373,0.261119577,0.395255458,1,0.505859935,0.915551539
2022,SE,FT,Data Scientist,US,100,US,M,260000,H,1,0.557040111,0.519729373,0.245068968,0.745382238,1,0.913960871,0.915551539
2022,SE,FT,Data Science Engineer,AR,100,MX,L,60000,L,1,0.557040111,0.519729373,0.176165963,0.285714286,1,0.183213898,1
2022,MI,FT,Data Engineer,US,0,US,M,63900,L,1,0.189836079,0.519729373,0.261119577,0.745382238,0.625941503,0.913960871,0.915551539
2022,MI,FT,Machine Learning Scientist,US,100,US,L,160000,H,1,0.189836079,0.519729373,0.382900266,0.745382238,1,0.913960871,1
2022,MI,FT,Machine Learning Scientist,US,100,US,L,112300,M,1,0.189836079,0.519729373,0.382900266,0.745382238,1,0.913960871,1
2022,MI,FT,Data Science Manager,US,100,US,M,241000,H,1,0.189836079,0.519729373,0.382690051,0.745382238,1,0.913960871,0.915551539
2022,MI,FT,Data Science Manager,US,100,US,M,159000,H,1,0.189836079,0.519729373,0.382690051,0.745382238,1,0.913960871,0.915551539
2022,SE,FT,Data Scientist,US,0,US,M,180000,H,1,0.557040111,0.519729373,0.245068968,0.745382238,0.625941503,0.913960871,0.915551539
2022,SE,FT,Data Scientist,US,0,US,M,80000,M,1,0.557040111,0.519729373,0.245068968,0.745382238,0.625941503,0.913960871,0.915551539
2022,MI,FT,Data Engineer,US,0,US,M,82900,M,1,0.189836079,0.519729373,0.261119577,0.745382238,0.625941503,0.913960871,0.915551539
2022,SE,FT,Data Engineer,US,100,US,L,100800,M,1,0.557040111,0.519729373,0.261119577,0.745382238,1,0.913960871,1
2022,MI,FT,Data Engineer,ES,100,ES,M,49461,L,1,0.189836079,0.519729373,0.261119577,0.273435714,1,0.319610051,0.915551539
2022,SE,FT,Data Scientist,US,0,US,L,140400,H,1,0.557040111,0.519729373,0.245068968,0.745382238,0.625941503,0.913960871,1
2022,MI,FT,Data Analyst,GB,100,GB,M,39263,L,1,0.189836079,0.519729373,0.21191818,0.395255458,1,0.505859935,0.915551539
2022,MI,FT,Data Analyst,ES,100,ES,M,43966,L,1,0.189836079,0.519729373,0.21191818,0.273435714,1,0.319610051,0.915551539
2022,MI,FT,Data Analyst,ES,100,ES,M,32974,L,1,0.189836079,0.519729373,0.21191818,0.273435714,1,0.319610051,0.915551539
2022,MI,FT,Data Engineer,ES,100,ES,M,87932,M,1,0.189836079,0.519729373,0.261119577,0.273435714,1,0.319610051,0.915551539
2022,MI,FT,Data Engineer,ES,100,ES,M,76940,M,1,0.189836079,0.519729373,0.261119577,0.273435714,1,0.319610051,0.915551539
2022,MI,FT,Data Engineer,GB,100,GB,M,104702,M,1,0.189836079,0.519729373,0.261119577,0.395255458,1,0.505859935,0.915551539
2022,MI,FT,Data Engineer,GB,100,GB,M,91614,M,1,0.189836079,0.519729373,0.261119577,0.395255458,1,0.505859935,0.915551539
2022,MI,FT,Data Engineer,ES,100,ES,M,65949,L,1,0.189836079,0.519729373,0.261119577,0.273435714,1,0.319610051,0.915551539
2022,MI,FT,Data Engineer,GR,100,GR,M,87932,M,1,0.189836079,0.519729373,0.261119577,0.267580357,1,0.312877524,0.915551539
2022,MI,FT,Data Analyst,GR,100,GR,M,43966,L,1,0.189836079,0.519729373,0.21191818,0.267580357,1,0.312877524,0.915551539
2022,MI,FT,Data Analyst,GR,100,GR,M,32974,L,1,0.189836079,0.519729373,0.21191818,0.267580357,1,0.312877524,0.915551539
2022,MI,FT,Data Engineer,GB,100,GB,M,98158,M,1,0.189836079,0.519729373,0.261119577,0.395255458,1,0.505859935,0.915551539
2022,SE,FT,Data Scientist,US,0,US,L,215300,H,1,0.557040111,0.519729373,0.245068968,0.745382238,0.625941503,0.913960871,1
2022,MI,FT,Data Engineer,GR,100,GR,M,76940,M,1,0.189836079,0.519729373,0.261119577,0.267580357,1,0.312877524,0.915551539
2022,SE,FT,Data Engineer,US,100,US,M,180000,H,1,0.557040111,0.519729373,0.261119577,0.745382238,1,0.913960871,0.915551539
2022,EN,FT,ML Engineer,PT,100,PT,L,21983,L,1,0,0.519729373,0.280524336,0.198278061,1,0.285301303,1
2022,SE,FT,Data Engineer,US,100,US,M,80000,M,1,0.557040111,0.519729373,0.261119577,0.745382238,1,0.913960871,0.915551539
2022,MI,FT,Machine Learning Developer,CA,100,CA,M,78791,M,1,0.189836079,0.519729373,0.201335032,0.475467498,1,0.626201024,0.915551539
2022,EX,FT,Director of Data Science,CA,50,CA,L,196979,H,1,1,0.519729373,0.474647827,0.475467498,0,0.626201024,1
2022,MI,FT,Machine Learning Engineer,US,100,US,S,120000,M,1,0.189836079,0.519729373,0.239635348,0.745382238,1,0.913960871,0
2022,EN,FT,Computer Vision Engineer,US,0,US,M,125000,M,1,0,0.519729373,0.097625656,0.745382238,0.625941503,0.913960871,0.915551539
2022,MI,FT,NLP Engineer,US,50,US,L,37236,L,1,0.189836079,0.519729373,0.079648941,0.745382238,0,0.913960871,1
2022,SE,FT,Data Engineer,US,100,US,M,105000,M,1,0.557040111,0.519729373,0.261119577,0.745382238,1,0.913960871,0.915551539
2022,SE,FT,Lead Machine Learning Engineer,DE,0,DE,M,87932,M,1,0.557040111,0.519729373,0.206518665,0.414982993,0.625941503,0.505273978,0.915551539
2022,MI,FT,Business Data Analyst,IN,100,IN,M,18442,L,1,0.189836079,0.519729373,0.178387902,0.170011905,1,0.160141694,0.915551539
2022,MI,FT,Data Scientist,IN,100,IN,L,31615,L,1,0.189836079,0.519729373,0.245068968,0.170011905,1,0.160141694,1
2022,MI,FT,Machine Learning Infrastructure Engineer,PT,50,PT,L,58255,L,1,0.189836079,0.519729373,0.239584976,0.198278061,0,0.285301303,1
2022,EN,FT,Financial Data Analyst,US,50,US,L,100000,M,1,0,0.519729373,0.674667347,0.745382238,0,0.913960871,1
2022,MI,PT,Data Engineer,DE,50,DE,L,54957,L,1,0.189836079,0,0.261119577,0.414982993,0,0.505273978,1
2022,EN,FT,Data Scientist,IN,100,IN,M,18442,L,1,0,0.519729373,0.245068968,0.170011905,1,0.160141694,0.915551539
2022,SE,FT,Principal Data Scientist,DE,100,DE,M,162674,H,1,0.557040111,0.519729373,0.525120507,0.414982993,1,0.505273978,0.915551539
2022,EN,FT,Data Engineer,US,100,US,M,120000,M,1,0,0.519729373,0.261119577,0.745382238,1,0.913960871,0.915551539
2022,SE,FT,Research Scientist,US,50,US,L,144000,H,1,0.557040111,0.519729373,0.259291375,0.745382238,0,0.913960871,1
2022,SE,FT,Data Scientist,US,100,US,M,104890,M,1,0.557040111,0.519729373,0.245068968,0.745382238,1,0.913960871,0.915551539
2022,SE,FT,Data Engineer,US,100,US,M,100000,M,1,0.557040111,0.519729373,0.261119577,0.745382238,1,0.913960871,0.915551539
2022,SE,FT,Data Scientist,US,100,US,M,140000,H,1,0.557040111,0.519729373,0.245068968,0.745382238,1,0.913960871,0.915551539
2022,MI,FT,Data Analyst,US,100,US,M,135000,H,1,0.189836079,0.519729373,0.21191818,0.745382238,1,0.913960871,0.915551539
2022,MI,FT,Data Analyst,US,100,US,M,50000,L,1,0.189836079,0.519729373,0.21191818,0.745382238,1,0.913960871,0.915551539
2022,SE,FT,Data Scientist,US,100,US,M,220000,H,1,0.557040111,0.519729373,0.245068968,0.745382238,1,0.913960871,0.915551539
2022,MI,FT,Data Scientist,GB,0,GB,M,183228,H,1,0.189836079,0.519729373,0.245068968,0.395255458,0.625941503,0.505859935,0.915551539
2022,MI,FT,Data Scientist,GB,0,GB,M,91614,M,1,0.189836079,0.519729373,0.245068968,0.395255458,0.625941503,0.505859935,0.915551539
2022,SE,FT,Data Scientist,US,100,US,M,185100,H,1,0.557040111,0.519729373,0.245068968,0.745382238,1,0.913960871,0.915551539
2022,SE,FT,Machine Learning Engineer,US,100,US,M,220000,H,1,0.557040111,0.519729373,0.239635348,0.745382238,1,0.913960871,0.915551539
2022,MI,FT,Data Scientist,US,100,US,M,200000,H,1,0.189836079,0.519729373,0.245068968,0.745382238,1,0.913960871,0.915551539
2022,MI,FT,Data Scientist,US,100,US,M,120000,M,1,0.189836079,0.519729373,0.245068968,0.745382238,1,0.913960871,0.915551539
2022,SE,FT,Machine Learning Engineer,AE,100,AE,S,120000,M,1,0.557040111,0.519729373,0.239635348,0.489795918,1,0.625407166,0
2022,SE,FT,Machine Learning Engineer,AE,100,AE,S,65000,L,1,0.557040111,0.519729373,0.239635348,0.489795918,1,0.625407166,0
2022,EX,FT,Data Engineer,US,100,US,M,324000,H,1,1,0.519729373,0.261119577,0.745382238,1,0.913960871,0.915551539
2022,EX,FT,Data Engineer,US,100,US,M,216000,H,1,1,0.519729373,0.261119577,0.745382238,1,0.913960871,0.915551539
2022,SE,FT,Data Engineer,US,100,US,M,210000,H,1,0.557040111,0.519729373,0.261119577,0.745382238,1,0.913960871,0.915551539
2022,SE,FT,Machine Learning Engineer,US,100,US,M,120000,M,1,0.557040111,0.519729373,0.239635348,0.745382238,1,0.913960871,0.915551539
2022,SE,FT,Data Scientist,US,100,US,M,230000,H,1,0.557040111,0.519729373,0.245068968,0.745382238,1,0.913960871,0.915551539
2022,EN,PT,Data Scientist,DZ,50,DZ,M,100000,M,1,0,0,0.245068968,0.489795918,0,0.625407166,0.915551539
2022,MI,FL,Data Scientist,CA,100,US,M,100000,M,1,0.189836079,0.098541627,0.245068968,0.475467498,1,0.913960871,0.915551539
2022,EN,CT,Applied Machine Learning Scientist,TN,100,CZ,M,31875,L,1,0,1,0.341999069,0.142219388,1,0.305778502,0.915551539
2022,SE,FT,Head of Data,MY,100,US,M,200000,H,1,0.557040111,0.519729373,0.387279994,1,1,0.913960871,0.915551539
2022,MI,FT,Principal Data Analyst,CA,100,CA,S,75000,M,1,0.189836079,0.519729373,0.29302712,0.475467498,1,0.626201024,0
2022,MI,FT,Data Scientist,PL,100,PL,L,35590,L,1,0.189836079,0.519729373,0.245068968,0.266211735,1,0.404446254,1
2022,SE,FT,Machine Learning Developer,CA,100,CA,M,78791,M,1,0.557040111,0.519729373,0.201335032,0.475467498,1,0.626201024,0.915551539
2022,SE,FT,Data Scientist,BR,100,US,M,100000,M,1,0.557040111,0.519729373,0.245068968,0.258340136,1,0.913960871,0.915551539
2022,MI,FT,Machine Learning Scientist,US,50,US,M,153000,H,1,0.189836079,0.519729373,0.382900266,0.745382238,0,0.913960871,0.915551539
2022,EN,FT,Data Engineer,PK,100,DE,M,58035,L,1,0,0.519729373,0.261119577,0.119708333,1,0.505273978,0.915551539
2022,SE,FT,Data Scientist,US,100,US,M,165000,H,1,0.557040111,0.519729373,0.245068968,0.745382238,1,0.913960871,0.915551539
2022,SE,FT,Research Scientist,FR,50,FR,L,93427,M,1,0.557040111,0.519729373,0.259291375,0.285135771,0,0.390688382,1
2022,EN,FT,Data Scientist,CA,100,CA,L,52396,L,1,0,0.519729373,0.245068968,0.475467498,1,0.626201024,1
2022,SE,FT,Machine Learning Engineer,NL,100,NL,L,62651,L,1,0.557040111,0.519729373,0.239635348,0.290594898,1,0.331894137,1
2022,MI,FT,Head of Data,EE,100,EE,S,32974,L,1,0.189836079,0.519729373,0.387279994,0.147826531,1,0.1887557,0
2022,EN,FT,Data Scientist,JP,100,MY,L,40000,L,1,0,0.519729373,0.245068968,0.507845481,1,0.234527687,1
2022,MI,FT,Machine Learning Engineer,AU,100,AU,L,87425,M,1,0.189836079,0.519729373,0.239635348,0.530829932,1,0.677802389,1
2022,SE,FT,Data Engineer,US,100,US,M,115000,M,1,0.557040111,0.519729373,0.261119577,0.745382238,1,0.913960871,0.915551539
2022,EN,FT,Data Scientist,AU,50,AU,M,86703,M,1,0,0.519729373,0.245068968,0.530829932,0,0.677802389,0.915551539
2022,MI,FT,Applied Machine Learning Scientist,BO,100,US,L,75000,M,1,0.189836079,0.519729373,0.341999069,0.362244898,1,0.913960871,1
2022,MI,FT,Research Scientist,AT,0,AT,L,64849,L,1,0.189836079,0.519729373,0.259291375,0.371115646,0.625941503,0.448995114,1
2022,EN,FT,Research Scientist,US,100,US,L,120000,M,1,0,0.519729373,0.259291375,0.745382238,1,0.913960871,1
2022,MI,FT,Applied Data Scientist,US,100,US,L,157000,H,1,0.189836079,0.519729373,0.426050637,0.745382238,1,0.913960871,1
2022,EN,FT,Computer Vision Software Engineer,AU,100,AU,S,150000,H,1,0,0.519729373,0.249854643,0.530829932,1,0.677802389,0
2022,MI,FT,Business Data Analyst,CA,50,CA,L,70912,L,1,0.189836079,0.519729373,0.178387902,0.475467498,0,0.626201024,1
2022,EN,FT,Data Engineer,US,100,US,S,65000,L,1,0,0.519729373,0.261119577,0.745382238,1,0.913960871,0
2022,SE,FT,Machine Learning Engineer,IE,100,IE,S,71444,L,1,0.557040111,0.519729373,0.239635348,0.344102041,1,0.439374593,0
2022,EN,FT,Data Analytics Engineer,PK,0,PK,M,20000,L,1,0,0.519729373,0.148627597,0.119708333,0.625941503,0.060803474,0.915551539
2022,MI,FT,Data Scientist,RU,100,US,S,48000,L,1,0.189836079,0.519729373,0.245068968,0.519132653,1,0.913960871,0
2022,SE,FT,Data Science Manager,US,100,US,M,152500,H,1,0.557040111,0.519729373,0.382690051,0.745382238,1,0.913960871,0.915551539
2022,MI,FT,Data Engineer,FR,100,FR,M,68147,L,1,0.189836079,0.519729373,0.261119577,0.285135771,1,0.390688382,0.915551539
2022,MI,FT,Data Scientist,CH,0,CH,L,122346,M,1,0.189836079,0.519729373,0.245068968,0.603806122,0.625941503,0.39162215,1
2022,SE,FT,Applied Data Scientist,US,100,US,L,380000,H,1,0.557040111,0.519729373,0.426050637,0.745382238,1,0.913960871,1
2022,MI,FT,Data Scientist,CA,100,CA,M,69336,L,1,0.189836079,0.519729373,0.245068968,0.475467498,1,0.626201024,0.915551539
2022,EN,FT,Computer Vision Engineer,PT,100,LU,M,10000,L,1,0,0.519729373,0.097625656,0.198278061,1,0.260212812,0.915551539
2022,MI,FT,Data Analyst,GR,100,GR,S,20000,L,1,0.189836079,0.519729373,0.21191818,0.267580357,1,0.312877524,0
2022,SE,FT,Data Analytics Lead,US,100,US,L,405000,H,1,0.557040111,0.519729373,1,0.745382238,1,0.913960871,1
2022,MI,FT,Data Scientist,US,100,US,L,135000,H,1,0.189836079,0.519729373,0.245068968,0.745382238,1,0.913960871,1
2022,SE,FT,Applied Data Scientist,US,100,US,L,177000,H,1,0.557040111,0.519729373,0.426050637,0.745382238,1,0.913960871,1
2022,MI,FT,Data Scientist,US,100,US,M,78000,M,1,0.189836079,0.519729373,0.245068968,0.745382238,1,0.913960871,0.915551539
2022,SE,FT,Data Analyst,US,100,US,M,100000,M,1,0.557040111,0.519729373,0.21191818,0.745382238,1,0.913960871,0.915551539
2022,MI,FT,Data Analyst,CA,0,CA,M,85000,M,1,0.189836079,0.519729373,0.21191818,0.475467498,0.625941503,0.626201024,0.915551539
2022,MI,FT,Data Analyst,CA,0,CA,M,75000,M,1,0.189836079,0.519729373,0.21191818,0.475467498,0.625941503,0.626201024,0.915551539
2022,SE,FT,Machine Learning Engineer,US,100,US,M,214000,H,1,0.557040111,0.519729373,0.239635348,0.745382238,1,0.913960871,0.915551539
2022,SE,FT,Machine Learning Engineer,US,100,US,M,192600,H,1,0.557040111,0.519729373,0.239635348,0.745382238,1,0.913960871,0.915551539
2022,SE,FT,Data Architect,US,100,US,M,266400,H,1,0.557040111,0.519729373,0.431603587,0.745382238,1,0.913960871,0.915551539
2022,SE,FT,Data Architect,US,100,US,M,213120,H,1,0.557040111,0.519729373,0.431603587,0.745382238,1,0.913960871,0.915551539
2022,MI,FT,Data Scientist,US,0,US,M,141300,H,1,0.189836079,0.519729373,0.245068968,0.745382238,0.625941503,0.913960871,0.915551539
2022,MI,FT,Data Scientist,US,0,US,M,102100,M,1,0.189836079,0.519729373,0.245068968,0.745382238,0.625941503,0.913960871,0.915551539
2022,SE,FT,Data Analyst,US,100,US,M,115934,M,1,0.557040111,0.519729373,0.21191818,0.745382238,1,0.913960871,0.915551539
2022,SE,FT,Data Analyst,US,100,US,M,81666,M,1,0.557040111,0.519729373,0.21191818,0.745382238,1,0.913960871,0.915551539
2022,MI,FT,Data Engineer,US,0,US,M,206699,H,1,0.189836079,0.519729373,0.261119577,0.745382238,0.625941503,0.913960871,0.915551539
2022,MI,FT,Data Engineer,US,0,US,M,99100,M,1,0.189836079,0.519729373,0.261119577,0.745382238,0.625941503,0.913960871,0.915551539
2022,SE,FT,Data Engineer,US,100,US,M,130000,H,1,0.557040111,0.519729373,0.261119577,0.745382238,1,0.913960871,0.915551539
2022,SE,FT,Data Engineer,US,100,US,M,110500,M,1,0.557040111,0.519729373,0.261119577,0.745382238,1,0.913960871,0.915551539
2022,SE,FT,Data Analyst,US,100,US,M,99050,M,1,0.557040111,0.519729373,0.21191818,0.745382238,1,0.913960871,0.915551539
2022,SE,FT,Data Engineer,US,100,US,M,160000,H,1,0.557040111,0.519729373,0.261119577,0.745382238,1,0.913960871,0.915551539
2022,SE,FT,Data Scientist,US,0,US,L,205300,H,1,0.557040111,0.519729373,0.245068968,0.745382238,0.625941503,0.913960871,1
2022,SE,FT,Data Scientist,US,100,US,M,176000,H,1,0.557040111,0.519729373,0.245068968,0.745382238,1,0.913960871,0.915551539
2022,SE,FT,Data Scientist,US,100,US,M,144000,H,1,0.557040111,0.519729373,0.245068968,0.745382238,1,0.913960871,0.915551539
2022,SE,FT,Data Engineer,US,100,US,M,200100,H,1,0.557040111,0.519729373,0.261119577,0.745382238,1,0.913960871,0.915551539
2022,SE,FT,Data Engineer,US,100,US,M,145000,H,1,0.557040111,0.519729373,0.261119577,0.745382238,1,0.913960871,0.915551539
2022,SE,FT,Data Engineer,US,0,US,M,70500,L,1,0.557040111,0.519729373,0.261119577,0.745382238,0.625941503,0.913960871,0.915551539
2022,SE,FT,Data Scientist,US,0,US,M,205300,H,1,0.557040111,0.519729373,0.245068968,0.745382238,0.625941503,0.913960871,0.915551539
2022,SE,FT,Data Scientist,US,0,US,M,140400,H,1,0.557040111,0.519729373,0.245068968,0.745382238,0.625941503,0.913960871,0.915551539
2022,SE,FT,Analytics Engineer,US,0,US,M,205300,H,1,0.557040111,0.519729373,0.424411461,0.745382238,0.625941503,0.913960871,0.915551539
2022,SE,FT,Analytics Engineer,US,0,US,M,184700,H,1,0.557040111,0.519729373,0.424411461,0.745382238,0.625941503,0.913960871,0.915551539
2022,SE,FT,Data Engineer,US,100,US,M,175100,H,1,0.557040111,0.519729373,0.261119577,0.745382238,1,0.913960871,0.915551539
2022,SE,FT,Data Engineer,US,100,US,M,140250,H,1,0.557040111,0.519729373,0.261119577,0.745382238,1,0.913960871,0.915551539
2022,SE,FT,Data Analyst,US,100,US,M,116150,M,1,0.557040111,0.519729373,0.21191818,0.745382238,1,0.913960871,0.915551539
2022,SE,FT,Data Engineer,US,0,US,M,54000,L,1,0.557040111,0.519729373,0.261119577,0.745382238,0.625941503,0.913960871,0.915551539
2022,MI,FT,Data Analyst,GB,0,GB,M,65438,L,1,0.189836079,0.519729373,0.21191818,0.395255458,0.625941503,0.505859935,0.915551539
2022,SE,FT,Data Analyst,US,100,US,M,80000,M,1,0.557040111,0.519729373,0.21191818,0.745382238,1,0.913960871,0.915551539
2022,SE,FT,Data Scientist,US,100,US,M,210000,H,1,0.557040111,0.519729373,0.245068968,0.745382238,1,0.913960871,0.915551539
2022,SE,FT,Data Analyst,US,100,US,M,69000,L,1,0.557040111,0.519729373,0.21191818,0.745382238,1,0.913960871,0.915551539
2022,SE,FT,Data Analyst,US,100,US,M,150075,H,1,0.557040111,0.519729373,0.21191818,0.745382238,1,0.913960871,0.915551539
2022,SE,FT,Data Engineer,US,100,US,M,25000,L,1,0.557040111,0.519729373,0.261119577,0.745382238,1,0.913960871,0.915551539
2022,SE,FT,Data Analyst,US,100,US,M,126500,M,1,0.557040111,0.519729373,0.21191818,0.745382238,1,0.913960871,0.915551539
2022,SE,FT,Data Analyst,US,100,US,M,106260,M,1,0.557040111,0.519729373,0.21191818,0.745382238,1,0.913960871,0.915551539
2022,SE,FT,Data Engineer,US,100,US,M,220110,H,1,0.557040111,0.519729373,0.261119577,0.745382238,1,0.913960871,0.915551539
2022,SE,FT,Data Engineer,US,100,US,M,160080,H,1,0.557040111,0.519729373,0.261119577,0.745382238,1,0.913960871,0.915551539
2022,SE,FT,Data Analyst,US,100,US,M,105000,M,1,0.557040111,0.519729373,0.21191818,0.745382238,1,0.913960871,0.915551539
2022,SE,FT,Data Analyst,US,100,US,M,110925,M,1,0.557040111,0.519729373,0.21191818,0.745382238,1,0.913960871,0.915551539
2022,MI,FT,Data Analyst,GB,0,GB,M,45807,L,1,0.189836079,0.519729373,0.21191818,0.395255458,0.625941503,0.505859935,0.915551539
2022,SE,FT,Data Analyst,US,100,US,M,60000,L,1,0.557040111,0.519729373,0.21191818,0.745382238,1,0.913960871,0.915551539
2022,SE,FT,Data Architect,US,100,US,M,192564,H,1,0.557040111,0.519729373,0.431603587,0.745382238,1,0.913960871,0.915551539
2022,SE,FT,Data Architect,US,100,US,M,144854,H,1,0.557040111,0.519729373,0.431603587,0.745382238,1,0.913960871,0.915551539
2022,SE,FT,Data Scientist,US,100,US,M,150000,H,1,0.557040111,0.519729373,0.245068968,0.745382238,1,0.913960871,0.915551539
2022,SE,FT,Data Analytics Manager,US,100,US,M,150260,H,1,0.557040111,0.519729373,0.304624693,0.745382238,1,0.913960871,0.915551539
2022,SE,FT,Data Analytics Manager,US,100,US,M,109280,M,1,0.557040111,0.519729373,0.304624693,0.745382238,1,0.913960871,0.915551539
2022,MI,FT,Data Scientist,US,100,US,M,160000,H,1,0.189836079,0.519729373,0.245068968,0.745382238,1,0.913960871,0.915551539
2022,MI,FT,Data Scientist,US,100,US,M,130000,H,1,0.189836079,0.519729373,0.245068968,0.745382238,1,0.913960871,0.915551539
2022,EN,FT,Data Analyst,CA,0,CA,M,67000,L,1,0,0.519729373,0.21191818,0.475467498,0.625941503,0.626201024,0.915551539
2022,EN,FT,Data Analyst,CA,0,CA,M,52000,L,1,0,0.519729373,0.21191818,0.475467498,0.625941503,0.626201024,0.915551539
2022,SE,FT,Data Engineer,US,100,US,M,154000,H,1,0.557040111,0.519729373,0.261119577,0.745382238,1,0.913960871,0.915551539
2022,SE,FT,Data Engineer,US,100,US,M,126000,M,1,0.557040111,0.519729373,0.261119577,0.745382238,1,0.913960871,0.915551539
2022,SE,FT,Data Analyst,US,0,US,M,129000,H,1,0.557040111,0.519729373,0.21191818,0.745382238,0.625941503,0.913960871,0.915551539
2022,SE,FT,Data Analyst,US,100,US,M,150000,H,1,0.557040111,0.519729373,0.21191818,0.745382238,1,0.913960871,0.915551539
2022,MI,FT,AI Scientist,IN,100,US,L,200000,H,1,0.189836079,0.519729373,0.15197182,0.170011905,1,0.913960871,1
